{"cameraMode":{"drawMode":0,"name":"Shaded","section":"Shading Mode"},"sceneLighting":true,"audioPlay":false,"sceneViewState":{"showFog":true,"showMaterialUpdate":true,"showSkybox":true,"showFlares":true,"showImageEffects":true,"showParticleSystems":true},"in2DMode":false,"pivot":{"x":-4.428907871246338,"y":0.580670177936554,"z":30.562633514404298},"rotation":{"x":0.06385356932878494,"y":-0.16686731576919557,"z":0.010823607444763184,"w":0.9838595390319824},"size":31.13742446899414,"orthographic":false}