{"cameraMode":{"drawMode":0,"name":"Shaded","section":"Shading Mode"},"sceneLighting":true,"audioPlay":false,"sceneViewState":{"showFog":true,"showMaterialUpdate":true,"showSkybox":false,"showFlares":true,"showImageEffects":true,"showParticleSystems":true},"in2DMode":false,"pivot":{"x":-3.320000171661377,"y":1.7100000381469727,"z":-7.045000076293945},"rotation":{"x":-0.01992938481271267,"y":0.9800100922584534,"z":-0.1454182118177414,"w":-0.13430750370025636},"size":33.8064079284668,"orthographic":false}